cycle,branch,model,modeldate,candidate_inc,candidate_chal,candidate_3rd,ecwin_inc,ecwin_chal,ecwin_3rd,ec_nomajority,popwin_inc,popwin_chal,popwin_3rd,ev_inc,ev_chal,ev_3rd,ev_inc_hi,ev_chal_hi,ev_3rd_hi,ev_inc_lo,ev_chal_lo,ev_3rd_lo,national_voteshare_inc,national_voteshare_chal,national_voteshare_3rd,nat_voteshare_other,national_voteshare_inc_hi,national_voteshare_chal_hi,national_voteshare_3rd_hi,nat_voteshare_other_hi,national_voteshare_inc_lo,national_voteshare_chal_lo,national_voteshare_3rd_lo,nat_voteshare_other_lo,national_turnout,national_turnout_hi,national_turnout_lo,timestamp,simulations
2020,President,polls-plus,10/21/2020,Trump,Biden,,0.12375,0.87125,,0.005,0.0412,0.9588,,192.5711,345.4289,,280,422,,116,258,,45.30172,53.44445,,1.25383,48.22498,56.35662,,1.896766,42.39598,50.50661,,0.6886357,1.43E+08,1.53E+08,1.33E+08,10/21/2020 13:14,40000
2020,President,polls-plus,10/20/2020,Trump,Biden,,0.12485,0.870675,,0.004475,0.042275,0.957725,,192.3522,345.6478,,280,424,,114,258,,45.26448,53.47827,,1.257245,48.23416,56.43481,,1.902716,42.30985,50.49361,,0.6899054,1.43E+08,1.53E+08,1.33E+08,10/20/2020 21:36,40000
2020,President,polls-plus,10/19/2020,Trump,Biden,,0.120425,0.875,,0.004575,0.040675,0.959325,,190.336,347.664,,279,426,,112,259,,45.17442,53.57301,,1.25257,48.1834,56.56211,,1.900372,42.18653,50.55529,,0.6836989,1.43E+08,1.53E+08,1.33E+08,10/19/2020 21:55,40000
2020,President,polls-plus,10/18/2020,Trump,Biden,,0.121775,0.87355,,0.004675,0.0418,0.9582,,191.2572,346.7427,,279,425,,113,259,,45.17662,53.57382,,1.249555,48.21889,56.60146,,1.899508,42.14919,50.52079,,0.6792043,1.43E+08,1.53E+08,1.33E+08,10/18/2020 21:11,40000
2020,President,polls-plus,10/17/2020,Trump,Biden,,0.12235,0.87365,,0.004,0.04375,0.95625,,191.3031,346.6969,,280,426,,112,258,,45.17821,53.57002,,1.251769,48.253,56.63504,,1.903847,42.1105,50.48,,0.6796591,1.43E+08,1.53E+08,1.33E+08,10/17/2020 19:17,40000
2020,President,polls-plus,10/16/2020,Trump,Biden,,0.129225,0.8677,,0.003075,0.045975,0.954025,,192.213,345.787,,283,426,,112,255,,45.22214,53.52393,,1.253931,48.32899,56.62143,,1.907859,42.12756,50.40108,,0.6802757,1.43E+08,1.53E+08,1.33E+08,10/16/2020 21:08,40000
2020,President,polls-plus,10/15/2020,Trump,Biden,,0.1295,0.867025,,0.003475,0.04715,0.95285,,192.0065,345.9936,,283,426,,112,255,,45.22849,53.52165,,1.249865,48.36061,56.64082,,1.905437,42.1101,50.37309,,0.6751865,1.43E+08,1.53E+08,1.33E+08,10/15/2020 20:38,40000
2020,President,polls-plus,10/14/2020,Trump,Biden,,0.130775,0.8657,,0.003525,0.050875,0.949125,,192.1605,345.8395,,283,426,,112,255,,45.27099,53.47211,,1.256896,48.44166,56.63706,,1.914557,42.11092,50.28674,,0.6802051,1.43E+08,1.53E+08,1.33E+08,10/14/2020 21:42,40000
2020,President,polls-plus,10/13/2020,Trump,Biden,,0.129775,0.866625,,0.0036,0.05085,0.94915,,191.7341,346.2659,,284,427,,111,254,,45.2369,53.51113,,1.251966,48.438,56.7049,,1.911543,42.04291,50.29504,,0.6740981,1.41E+08,1.51E+08,1.31E+08,10/13/2020 23:16,40000
2020,President,polls-plus,10/12/2020,Trump,Biden,,0.134325,0.8621,,0.003575,0.0549,0.9451,,191.9522,346.0478,,285,428,,110,253,,45.28416,53.46163,,1.254209,48.52246,56.69149,,1.915702,42.05617,50.20482,,0.6747431,1.41E+08,1.51E+08,1.31E+08,10/12/2020 21:07,40000
2020,President,polls-plus,10/11/2020,Trump,Biden,,0.137725,0.85825,,0.004025,0.056725,0.943275,,192.5051,345.4949,,286,429,,109,252,,45.28168,53.46363,,1.254689,48.55581,56.73321,,1.918076,42.02129,50.17009,,0.6737469,1.41E+08,1.51E+08,1.31E+08,10/11/2020 19:00,40000
2020,President,polls-plus,10/10/2020,Trump,Biden,,0.144425,0.851475,,0.0041,0.06045,0.93955,,193.7852,344.2148,,289,428,,110,249,,45.33618,53.4039,,1.259915,48.6417,56.70459,,1.924986,42.04492,50.07838,,0.6773756,1.41E+08,1.51E+08,1.31E+08,10/10/2020 19:00,40000
2020,President,polls-plus,10/9/2020,Trump,Biden,,0.147025,0.84845,,0.004525,0.063,0.937,,194.4416,343.5584,,290,428,,110,248,,45.36269,53.37741,,1.259901,48.69299,56.70117,,1.926408,42.04865,50.02898,,0.6762649,1.41E+08,1.51E+08,1.31E+08,10/9/2020 19:46,40000
2020,President,polls-plus,10/8/2020,Trump,Biden,,0.151625,0.843975,,0.0044,0.065825,0.934175,,194.9928,343.0071,,292,428,,110,246,,45.39284,53.34567,,1.261487,48.74539,56.68546,,1.929203,42.06244,49.98119,,0.6768322,1.41E+08,1.51E+08,1.31E+08,10/8/2020 21:25,40000
2020,President,polls-plus,10/7/2020,Trump,Biden,,0.15645,0.83955,,0.004,0.0694,0.9306,,195.3795,342.6205,,294,428,,110,244,,45.43958,53.29694,,1.263481,48.82271,56.66733,,1.932809,42.08158,49.90414,,0.6774768,1.41E+08,1.51E+08,1.31E+08,10/7/2020 20:48,40000
2020,President,polls-plus,10/6/2020,Trump,Biden,,0.17175,0.82345,,0.0048,0.077075,0.922925,,199.3351,338.6649,,296,427,,111,242,,45.58092,53.15884,,1.260238,48.9858,56.54906,,1.930775,42.20272,49.74423,,0.6735048,1.41E+08,1.51E+08,1.31E+08,10/6/2020 22:00,40000
2020,President,polls-plus,10/5/2020,Trump,Biden,,0.180725,0.814125,,0.00515,0.0868,0.9132,,202.256,335.744,,300,425,,113,238,,45.7283,53.00696,,1.264741,49.14938,56.41225,,1.936059,42.33579,49.57882,,0.6771418,1.41E+08,1.51E+08,1.31E+08,10/5/2020 23:45,40000
2020,President,polls-plus,10/4/2020,Trump,Biden,,0.18655,0.80915,,0.0043,0.090375,0.909625,,203.256,334.744,,302,425,,113,236,,45.77543,52.96099,,1.263579,49.20663,56.37436,,1.935653,42.37416,49.52385,,0.6754725,1.41E+08,1.51E+08,1.31E+08,10/4/2020 20:24,40000
2020,President,polls-plus,10/3/2020,Trump,Biden,,0.19425,0.801225,,0.004525,0.096625,0.903375,,205.2224,332.7776,,305,425,,113,233,,45.86703,52.87085,,1.262119,49.3147,56.30421,,1.935287,42.44763,49.41457,,0.673267,1.41E+08,1.51E+08,1.31E+08,10/3/2020 20:48,40000
2020,President,polls-plus,10/2/2020,Trump,Biden,,0.201875,0.79335,,0.004775,0.099925,0.900075,,205.0107,332.9893,,308,426,,112,230,,45.88682,52.83423,,1.27895,49.36169,56.29155,,1.953193,42.44398,49.35483,,0.6882701,1.41E+08,1.51E+08,1.31E+08,10/2/2020 22:26,40000
2020,President,polls-plus,10/1/2020,Trump,Biden,,0.196175,0.799275,,0.00455,0.09855,0.90145,,202.5991,335.4009,,308,428,,110,230,,45.80278,52.9149,,1.282316,49.33842,56.42958,,1.959116,42.29966,49.37886,,0.6894801,1.41E+08,1.51E+08,1.31E+08,10/1/2020 21:27,40000
2020,President,polls-plus,9/30/2020,Trump,Biden,,0.213425,0.78185,,0.004725,0.1119,0.8881,,206.2862,331.7138,,312,427,,111,226,,45.9699,52.74551,,1.284587,49.56242,56.32423,,1.963979,42.41258,49.1458,,0.6896354,1.41E+08,1.51E+08,1.31E+08,9/30/2020 20:24,40000
2020,President,polls-plus,9/29/2020,Trump,Biden,,0.216025,0.77935,,0.004625,0.110875,0.889125,,206.9328,331.0672,,312,425,,113,226,,45.96296,52.75171,,1.285323,49.54276,56.31634,,1.964764,42.41872,49.16298,,0.6902901,1.41E+08,1.51E+08,1.31E+08,9/29/2020 20:44,40000
2020,President,polls-plus,9/28/2020,Trump,Biden,,0.2196,0.775725,,0.004675,0.11455,0.88545,,207.7895,330.2105,,315,425,,113,223,,45.98885,52.72159,,1.289563,49.60487,56.3167,,1.970574,42.40921,49.10035,,0.6930783,1.41E+08,1.51E+08,1.31E+08,9/28/2020 22:13,40000
2020,President,polls-plus,9/27/2020,Trump,Biden,,0.2197,0.7756,,0.0047,0.105025,0.894975,,206.6381,331.3619,,313,427,,111,225,,45.81521,52.8941,,1.29069,49.45233,56.5064,,1.972729,42.21351,49.25216,,0.6933518,1.41E+08,1.51E+08,1.31E+08,9/27/2020 20:00,40000
2020,President,polls-plus,9/26/2020,Trump,Biden,,0.225325,0.769675,,0.005,0.109125,0.890875,,207.176,330.824,,316,428,,110,222,,45.85375,52.85458,,1.291674,49.51593,56.49204,,1.974954,42.22554,49.18813,,0.6933294,1.41E+08,1.51E+08,1.31E+08,9/26/2020 19:00,40000
2020,President,polls-plus,9/25/2020,Trump,Biden,,0.2281,0.76685,,0.00505,0.110725,0.889275,,207.5498,330.4502,,316,428,,110,222,,45.85934,52.84624,,1.294419,49.54781,56.51155,,1.978868,42.20478,49.15376,,0.6950172,1.41E+08,1.51E+08,1.31E+08,9/25/2020 22:17,40000
2020,President,polls-plus,9/24/2020,Trump,Biden,,0.229275,0.766175,,0.00455,0.118775,0.881225,,208.0136,329.9864,,315,427.5,,110.5,223,,45.95837,52.74192,,1.299711,49.65797,56.42416,,1.985058,42.28753,49.02992,,0.6993086,1.41E+08,1.51E+08,1.31E+08,9/24/2020 19:10,40000
2020,President,polls-plus,9/23/2020,Trump,Biden,,0.22235,0.772925,,0.004725,0.114775,0.885225,,206.3262,331.6738,,312,429,,109,226,,45.86427,52.83279,,1.302942,49.60622,56.55154,,1.989995,42.15812,49.07958,,0.7010441,1.41E+08,1.51E+08,1.31E+08,9/23/2020 20:53,40000
2020,President,polls-plus,9/22/2020,Trump,Biden,,0.226,0.7686,,0.0054,0.1187,0.8813,,205.9798,332.0203,,313,428,,110,225,,45.89769,52.81616,,1.286152,49.66927,56.57026,,1.970988,42.15979,49.03062,,0.6867073,1.41E+08,1.51E+08,1.31E+08,9/22/2020 19:00,40000
2020,President,polls-plus,9/21/2020,Trump,Biden,,0.22535,0.769225,,0.005425,0.119675,0.880325,,206.3478,331.6522,,312,429,,109,226,,45.87987,52.82855,,1.291579,49.68482,56.61564,,1.977731,42.10999,49.01251,,0.6906254,1.41E+08,1.51E+08,1.31E+08,9/21/2020 19:00,40000
2020,President,polls-plus,9/20/2020,Trump,Biden,,0.225775,0.76835,,0.005875,0.12435,0.87565,,207.4107,330.5893,,314,427,,111,224,,45.92939,52.77768,,1.29294,49.75729,56.5852,,1.980419,42.13705,48.94392,,0.691234,1.41E+08,1.51E+08,1.31E+08,9/20/2020 22:02,40000
2020,President,polls-plus,9/19/2020,Trump,Biden,,0.223425,0.771425,,0.00515,0.12565,0.87435,,207.3957,330.6043,,315,428,,110,223,,45.906,52.79246,,1.301542,49.77435,56.64014,,1.990523,42.07742,48.91676,,0.697998,1.41E+08,1.51E+08,1.31E+08,9/19/2020 19:00,40000
2020,President,polls-plus,9/18/2020,Trump,Biden,,0.22725,0.768,,0.00475,0.127675,0.872325,,207.7489,330.251,,316,428,,110,222,,45.91582,52.78104,,1.303142,49.80641,56.64479,,1.993226,42.06271,48.88648,,0.6987849,1.41E+08,1.51E+08,1.31E+08,9/18/2020 19:20,40000
2020,President,polls-plus,9/17/2020,Trump,Biden,,0.2368,0.7579,,0.0053,0.134,0.866,,209.9885,328.0115,,319,426,,112,219,,46.01027,52.68349,,1.306233,49.90779,56.57381,,1.995845,42.11573,48.77401,,0.6977358,1.41E+08,1.51E+08,1.31E+08,9/17/2020 19:00,40000
2020,President,polls-plus,9/16/2020,Trump,Biden,,0.233525,0.760775,,0.0057,0.1352,0.8648,,208.9003,329.0998,,318,428,,110,220,,46.00893,52.68781,,1.303264,49.93647,56.61147,,1.992312,42.07764,48.76082,,0.6898334,1.41E+08,1.51E+08,1.31E+08,9/16/2020 23:12,40000
2020,President,polls-plus,9/15/2020,Trump,Biden,,0.23765,0.757575,,0.004775,0.13375,0.86625,,208.39,329.61,,321,429,,109,217,,45.94145,52.75442,,1.30413,49.91407,56.70913,,1.988386,41.97375,48.79145,,0.697407,1.41E+08,1.51E+08,1.31E+08,9/15/2020 23:33,40000
2020,President,polls-plus,9/14/2020,Trump,Biden,,0.239225,0.755925,,0.00485,0.13615,0.86385,,208.9357,329.0644,,321,428,,110,217,,45.95493,52.74354,,1.301532,49.95798,56.73676,,1.989021,41.9717,48.73645,,0.6954645,1.41E+08,1.51E+08,1.31E+08,9/14/2020 23:33,40000
2020,President,polls-plus,9/13/2020,Trump,Biden,,0.24095,0.754475,,0.004575,0.133125,0.866875,,208.5953,329.4047,,321,429,,109,217,,45.92501,52.75882,,1.316178,49.90557,56.75976,,2.004302,41.92576,48.75369,,0.7045135,1.41E+08,1.51E+08,1.31E+08,9/13/2020 19:00,40000
2020,President,polls-plus,9/12/2020,Trump,Biden,,0.24515,0.749775,,0.005075,0.14015,0.85985,,209.328,328.672,,324,430,,108,214,,45.9426,52.72985,,1.327547,50.02527,56.81329,,2.023891,41.8729,48.66277,,0.7139139,1.41E+08,1.51E+08,1.31E+08,9/12/2020 19:00,40000
2020,President,polls-plus,9/11/2020,Trump,Biden,,0.2405,0.754575,,0.004925,0.13445,0.86555,,207.9071,330.0929,,322,431,,107,216,,45.8877,52.7874,,1.324906,49.93175,56.85209,,2.017633,41.81036,48.74033,,0.7070763,1.41E+08,1.51E+08,1.31E+08,9/11/2020 19:00,40000
2020,President,polls-plus,9/10/2020,Trump,Biden,,0.248775,0.7457,,0.005525,0.14265,0.85735,,210.1214,327.8786,,325,429,,109,213,,45.97954,52.6937,,1.326768,50.05628,56.78706,,2.019654,41.89537,48.6067,,0.7108803,1.41E+08,1.51E+08,1.31E+08,9/10/2020 21:47,40000
2020,President,polls-plus,9/9/2020,Trump,Biden,,0.253625,0.741525,,0.00485,0.148775,0.851225,,210.8713,327.1287,,327,429,,109,211,,45.98954,52.679,,1.331467,50.16024,56.81424,,2.023555,41.85178,48.52128,,0.7127523,1.41E+08,1.51E+08,1.31E+08,9/9/2020 23:52,40000
2020,President,polls-plus,9/8/2020,Trump,Biden,,0.282475,0.711825,,0.0057,0.161975,0.838025,,216.7224,321.2776,,328,428,,110,210,,46.18364,52.48886,,1.327493,50.35461,56.61628,,2.03035,42.06158,48.33362,,0.7052364,1.41E+08,1.51E+08,1.31E+08,9/8/2020 22:02,40000
2020,President,polls-plus,9/7/2020,Trump,Biden,,0.284875,0.710275,,0.00485,0.164975,0.835025,,216.9577,321.0423,,329,427,,111,209,,46.20694,52.46479,,1.328264,50.39727,56.65034,,2.025721,42.04342,48.26233,,0.7086886,1.41E+08,1.51E+08,1.31E+08,9/7/2020 21:01,40000
2020,President,polls-plus,9/6/2020,Trump,Biden,,0.2859,0.708875,,0.005225,0.1639,0.8361,,216.8837,321.1162,,331,428,,110,207,,46.12992,52.54525,,1.324825,50.38704,56.75129,,2.022276,41.9192,48.28846,,0.7062308,1.41E+08,1.51E+08,1.31E+08,9/6/2020 21:06,40000
2020,President,polls-plus,9/5/2020,Trump,Biden,,0.29205,0.7034,,0.00455,0.16445,0.83555,,218.0766,319.9235,,331,426,,112,207,,46.18348,52.48306,,1.333467,50.39506,56.69505,,2.040212,41.95213,48.27627,,0.7113791,,,,9/5/2020 22:17,40000
2020,President,polls-plus,9/4/2020,Trump,Biden,,0.286825,0.7081,,0.005075,0.163225,0.836775,,217.0903,320.9097,,331,427,,111,207,,46.14719,52.52046,,1.33235,50.36639,56.72763,,2.035542,41.94962,48.30067,,0.7106224,,,,9/4/2020 22:34,40000
2020,President,polls-plus,9/3/2020,Trump,Biden,,0.293225,0.7013,,0.005475,0.170675,0.829325,,218.8657,319.1343,,333,427,,111,205,,46.20557,52.46091,,1.333524,50.47948,56.76775,,2.024914,41.92551,48.18411,,0.7098449,,,,9/3/2020 21:55,40000
2020,President,polls-plus,9/2/2020,Trump,Biden,,0.2919,0.703325,,0.004775,0.17235,0.82765,,218.8979,319.1021,,333,427,,111,205,,46.21046,52.45839,,1.331147,50.49683,56.77116,,2.043273,41.92453,48.1503,,0.6999681,,,,9/2/2020 21:52,40000
2020,President,polls-plus,9/1/2020,Trump,Biden,,0.30725,0.6881,,0.00465,0.18885,0.81115,,222.6908,315.3092,,337,425,,113,201,,46.3896,52.28353,,1.326867,50.72521,56.5868,,2.036718,42.08624,47.95645,,0.7005318,,,,9/1/2020 19:06,40000
2020,President,polls-plus,8/31/2020,Trump,Biden,,0.321275,0.673975,,0.00475,0.192075,0.807925,,225.0621,312.938,,337,424,,114,201,,46.46019,52.21549,,1.324315,50.76779,56.56361,,2.049913,42.11338,47.90186,,0.6925172,,,,8/31/2020 19:00,40000
2020,President,polls-plus,8/30/2020,Trump,Biden,,0.3094,0.6865,,0.0041,0.1879,0.8121,,221.8873,316.1126,,337,428,,110,201,,46.30907,52.34467,,1.346259,50.7851,56.75874,,2.057022,41.85261,47.88278,,0.7144256,,,,8/30/2020 20:23,40000
2020,President,polls-plus,8/29/2020,Trump,Biden,,0.307525,0.6882,,0.004275,0.188325,0.811675,,220.7868,317.2131,,337,429,,109,201,,46.26345,52.40189,,1.334657,50.76155,56.91839,,2.051201,41.77486,47.88276,,0.7007713,,,,8/29/2020 19:00,40000
2020,President,polls-plus,8/28/2020,Trump,Biden,,0.3035,0.692525,,0.003975,0.186225,0.813775,,220.4639,317.5361,,337,429,,109,201,,46.2587,52.40611,,1.33519,50.75557,56.87645,,2.055656,41.81157,47.90101,,0.7022665,,,,8/28/2020 19:00,40000
2020,President,polls-plus,8/27/2020,Trump,Biden,,0.2994,0.6964,,0.0042,0.182875,0.817125,,220.3914,317.6086,,336,428,,110,202,,46.28278,52.39348,,1.323738,50.70728,56.78292,,2.031385,41.89773,47.98074,,0.6946608,,,,8/27/2020 19:00,40000
2020,President,polls-plus,8/26/2020,Trump,Biden,,0.30055,0.69555,,0.0039,0.185375,0.814625,,220.8551,317.1448,,337,428,,110,201,,46.30215,52.37099,,1.326856,50.74532,56.80884,,2.043283,41.88205,47.91171,,0.6934588,,,,8/26/2020 19:01,40000
2020,President,polls-plus,8/25/2020,Trump,Biden,,0.27045,0.725875,,0.003675,0.16285,0.83715,,213.9388,324.0612,,331,432,,106,207,,46.02112,52.67421,,1.304669,50.4388,57.08401,,2.018928,41.6248,48.26421,,0.6764926,,,,8/25/2020 23:50,40000
2020,President,polls-plus,8/24/2020,Trump,Biden,,0.269575,0.726975,,0.00345,0.165475,0.834525,,213.7483,324.2517,,332,432,,106,206,,46.021,52.67212,,1.306889,50.49995,57.11697,,2.018909,41.58252,48.18879,,0.6792486,,,,8/24/2020 20:38,40000
2020,President,polls-plus,8/23/2020,Trump,Biden,,0.2673,0.729625,,0.003075,0.166625,0.833375,,212.5292,325.4708,,331,435,,103,207,,45.96653,52.73164,,1.301827,50.48808,57.27232,,2.018991,41.44489,48.20748,,0.6702565,,,,8/23/2020 19:00,40000
2020,President,polls-plus,8/22/2020,Trump,Biden,,0.271,0.7255,,0.0035,0.1667,0.8333,,213.3921,324.6079,,331,433,,105,207,,46.01094,52.69307,,1.296,50.45963,57.18472,,2.007976,41.51054,48.20979,,0.6636156,,,,8/22/2020 19:00,40000
2020,President,polls-plus,8/21/2020,Trump,Biden,,0.267575,0.72875,,0.003675,0.16485,0.83515,,213.0551,324.9449,,331,433,,105,207,,45.99585,52.71219,,1.291965,50.45788,57.17679,,2.007226,41.53521,48.24926,,0.6572114,,,,8/21/2020 19:26,40000
2020,President,polls-plus,8/20/2020,Trump,Biden,,0.27365,0.722825,,0.003525,0.1677,0.8323,,215.0446,322.9554,,333,431,,107,205,,46.07849,52.63926,,1.282259,50.51525,57.06075,,1.995835,41.65974,48.17797,,0.655274,,,,8/20/2020 19:00,40000
2020,President,polls-plus,8/19/2020,Trump,Biden,,0.278625,0.717275,,0.0041,0.17315,0.82685,,216.3484,321.6516,,335,429,,109,203,,46.13017,52.58604,,1.283783,50.59136,57.03696,,2.001753,41.6842,48.12635,,0.6547295,,,,8/19/2020 23:52,40000
2020,President,polls-plus,8/18/2020,Trump,Biden,,0.26775,0.7291,,0.00315,0.166375,0.833625,,214.7168,323.2832,,333,430,,108,205,,46.08685,52.6301,,1.283045,50.46551,57.04149,,1.993258,41.67652,48.22936,,0.6494714,,,,8/18/2020 19:23,40000
2020,President,polls-plus,8/17/2020,Trump,Biden,,0.2724,0.72375,,0.00385,0.16975,0.83025,,215.2729,322.7271,,333,431,,107,205,,46.10958,52.61044,,1.279983,50.53724,57.08716,,1.995751,41.6344,48.18307,,0.6515047,,,,8/17/2020 22:43,40000
2020,President,polls-plus,8/16/2020,Trump,Biden,,0.282075,0.7145,,0.003425,0.175925,0.824075,,215.5538,322.4463,,336,431,,107,202,,46.16774,52.54878,,1.283478,50.68077,57.06306,,2.005195,41.68126,48.06044,,0.6544272,,,,8/16/2020 20:17,40000
2020,President,polls-plus,8/15/2020,Trump,Biden,,0.27745,0.71915,,0.0034,0.17285,0.82715,,213.2509,324.7491,,335,434,,104,203,,46.05632,52.651,,1.292678,50.63273,57.21465,,2.011152,41.49172,48.0732,,0.6589594,,,,8/15/2020 19:00,40000
2020,President,polls-plus,8/14/2020,Trump,Biden,,0.267475,0.72925,,0.003275,0.1657,0.8343,,211.6081,326.3919,,333,433,,105,205,,45.98938,52.71326,,1.297362,50.49768,57.17666,,2.015094,41.51923,48.21701,,0.66329,,,,8/14/2020 19:00,40000
2020,President,polls-plus,8/13/2020,Trump,Biden,,0.2752,0.7216,,0.0032,0.177575,0.822425,,213.7498,324.2502,,336,434,,104,202,,46.11533,52.59297,,1.291699,50.64245,57.13207,,2.010199,41.58178,48.04206,,0.6602212,,,,8/13/2020 21:50,40000
2020,President,polls-plus,8/12/2020,Trump,Biden,,0.28765,0.70875,,0.0036,0.18305,0.81695,,215.1911,322.8088,,337,433,,105,201,,46.17112,52.52475,,1.304139,50.70852,57.11084,,2.027544,41.56429,47.97743,,0.6663016,,,,8/12/2020 23:41,40000
2020,President,polls-plus,8/11/2020,Trump,Biden,,0.2866,0.71025,,0.00315,0.190525,0.809475,,214.9498,323.0502,,337,433,,105,201,,46.20192,52.49453,,1.303546,50.83683,57.10124,,2.028735,41.59494,47.85249,,0.6627616,,,,8/11/2020 19:08,40000
2020,President,polls-plus,8/10/2020,Trump,Biden,,0.28395,0.712875,,0.003175,0.19075,0.80925,,214.5426,323.4573,,337,435,,103,201,,46.19029,52.49098,,1.318731,50.86157,57.14674,,2.03493,41.55241,47.82245,,0.6770315,,,,8/10/2020 23:50,40000
2020,President,polls-plus,8/9/2020,Trump,Biden,,0.287175,0.709125,,0.0037,0.194675,0.805325,,215.6911,322.3089,,339,433,,105,199,,46.24909,52.43238,,1.318526,50.95182,57.08838,,2.041819,41.57322,47.72408,,0.6778314,,,,8/10/2020 10:15,40000
2020,President,polls-plus,8/8/2020,Trump,Biden,,0.2912,0.7055,,0.0033,0.196425,0.803575,,216.0827,321.9173,,339,433,,105,199,,46.26159,52.41681,,1.321599,50.90287,57.07491,,2.040766,41.58996,47.74853,,0.6818589,,,,8/10/2020 10:19,40000
2020,President,polls-plus,8/7/2020,Trump,Biden,,0.29715,0.6992,,0.00365,0.20105,0.79895,,217.1632,320.8368,,340,434,,104,198,,46.29543,52.38504,,1.31953,51.01738,57.09568,,2.049613,41.58004,47.65911,,0.6830333,,,,8/10/2020 10:19,40000
2020,President,polls-plus,8/6/2020,Trump,Biden,,0.2932,0.703325,,0.003475,0.199275,0.800725,,216.8208,321.1793,,341,433,,105,197,,46.28619,52.39062,,1.323194,51.04249,57.13195,,2.040946,41.55771,47.63836,,0.6809334,,,,8/10/2020 10:19,40000
2020,President,polls-plus,8/5/2020,Trump,Biden,,0.297725,0.698925,,0.00335,0.20245,0.79755,,217.515,320.485,,341,433,,105,197,,46.31205,52.36253,,1.32542,51.07544,57.09853,,2.043509,41.55804,47.58785,,0.6848398,,,,8/10/2020 10:19,40000
2020,President,polls-plus,8/4/2020,Trump,Biden,,0.2804,0.716625,,0.002975,0.1844,0.8156,,212.0597,325.9403,,337,435,,103,201,,46.10718,52.57859,,1.314234,50.79708,57.24018,,2.051642,41.43733,47.88954,,0.6713542,,,,8/10/2020 10:22,40000
2020,President,polls-plus,8/3/2020,Trump,Biden,,0.28325,0.712975,,0.003775,0.1875,0.8125,,212.9614,325.0386,,337,435,,103,201,,46.13739,52.54492,,1.317685,50.85131,57.25592,,2.043417,41.4584,47.84332,,0.6747655,,,,8/10/2020 10:25,40000
2020,President,polls-plus,8/2/2020,Trump,Biden,,0.283925,0.712425,,0.00365,0.187975,0.812025,,213.0605,324.9395,,338,435,,103,200,,46.13912,52.54113,,1.319745,50.89564,57.26371,,2.046737,41.42797,47.76087,,0.6751224,,,,8/10/2020 10:26,40000
2020,President,polls-plus,8/1/2020,Trump,Biden,,0.286075,0.710875,,0.00305,0.188825,0.811175,,212.7638,325.2362,,338,436,,102,200,,46.11985,52.56147,,1.318686,50.86026,57.29603,,2.046081,41.35671,47.80448,,0.6773493,,,,8/10/2020 10:26,40000
2020,President,polls-plus,7/31/2020,Trump,Biden,,0.2867,0.710125,,0.003175,0.190775,0.809225,,213.5757,324.4243,,340,436,,102,198,,46.14778,52.53598,,1.316235,50.89336,57.31334,,2.039262,41.40097,47.77644,,0.6756095,,,,8/10/2020 10:26,40000
2020,President,polls-plus,7/30/2020,Trump,Biden,,0.2609,0.7359,,0.0032,0.168075,0.831925,,208.4238,329.5762,,334,436,,102,204,,45.93544,52.74822,,1.316337,50.53705,57.31424,,2.040273,41.39065,48.10459,,0.6791376,,,,8/10/2020 10:28,40000
2020,President,polls-plus,7/29/2020,Trump,Biden,,0.266675,0.729925,,0.0034,0.170825,0.829175,,209.04,328.96,,335,438,,100,203,,45.92358,52.74941,,1.327006,50.5773,57.41732,,2.056378,41.25378,48.10526,,0.682309,,,,8/10/2020 10:32,40000
2020,President,polls-plus,7/28/2020,Trump,Biden,,0.260625,0.7363,,0.003075,0.1666,0.8334,,207.1326,330.8674,,333,440,,98,205,,45.85881,52.81291,,1.328276,50.51357,57.47815,,2.047201,41.1924,48.15805,,0.6911978,,,,8/10/2020 10:32,40000
2020,President,polls-plus,7/27/2020,Trump,Biden,,0.26675,0.729775,,0.003475,0.173875,0.826125,,208.6976,329.3023,,336,438,,100,202,,45.91749,52.74271,,1.339798,50.67381,57.51265,,2.069063,41.17569,48.00462,,0.6958647,,,,8/10/2020 10:32,40000
2020,President,polls-plus,7/26/2020,Trump,Biden,,0.267475,0.729375,,0.00315,0.178825,0.821175,,208.3017,329.6984,,336,439,,99,202,,45.97368,52.68783,,1.338491,50.72295,57.42074,,2.060007,41.2672,47.95403,,0.6963304,,,,8/10/2020 10:33,40000
2020,President,polls-plus,7/25/2020,Trump,Biden,,0.262025,0.735,,0.002975,0.180675,0.819325,,209.0473,328.9527,,337,439,,99,201,,45.99001,52.67056,,1.339427,50.81696,57.41073,,2.067447,41.24988,47.85799,,0.6928883,,,,8/10/2020 10:35,40000
2020,President,polls-plus,7/24/2020,Trump,Biden,,0.270275,0.7265,,0.003225,0.183275,0.816725,,209.7756,328.2244,,337,440,,98,201,,45.99775,52.66726,,1.334995,50.81271,57.48201,,2.060524,41.15303,47.82852,,0.6884896,,,,8/10/2020 10:38,40000
2020,President,polls-plus,7/23/2020,Trump,Biden,,0.2641,0.732575,,0.003325,0.181825,0.818175,,207.8097,330.1903,,335,441,,97,203,,45.94709,52.71225,,1.34066,50.77929,57.56994,,2.080228,41.13475,47.90079,,0.6927854,,,,8/10/2020 10:38,40000
2020,President,polls-plus,7/22/2020,Trump,Biden,,0.252225,0.745,,0.002775,0.178925,0.821075,,206.5702,331.4298,,335,441,,97,203,,45.89418,52.77857,,1.327248,50.78386,57.5659,,2.062582,41.08658,47.8844,,0.6800984,,,,8/10/2020 10:38,40000
2020,President,polls-plus,7/21/2020,Trump,Biden,,0.2583,0.73915,,0.00255,0.185725,0.814275,,208.3234,329.6766,,337,441,,97,201,,45.95774,52.70412,,1.338143,50.84897,57.6297,,2.07406,41.06457,47.79524,,0.6910916,,,,8/10/2020 10:39,40000
2020,President,polls-plus,7/20/2020,Trump,Biden,,0.24955,0.74795,,0.0025,0.1779,0.8221,,205.582,332.418,,335,444,,94,203,,45.83913,52.83022,,1.330654,50.79581,57.7626,,2.062026,40.92534,47.89375,,0.682163,,,,8/10/2020 10:42,40000
2020,President,polls-plus,7/19/2020,Trump,Biden,,0.2566,0.7408,,0.0026,0.180875,0.819125,,206.8156,331.1844,,334,443,,95,204,,45.89302,52.79765,,1.309328,50.81057,57.69178,,2.04199,40.96729,47.88055,,0.6704755,,,,8/10/2020 10:44,40000
2020,President,polls-plus,7/18/2020,Trump,Biden,,0.26135,0.7356,,0.00305,0.181425,0.818575,,207.1693,330.8307,,335,445,,93,203,,45.889,52.79903,,1.311972,50.83132,57.75053,,2.044307,40.9453,47.86944,,0.6680883,,,,8/10/2020 10:45,40000
2020,President,polls-plus,7/17/2020,Trump,Biden,,0.2623,0.73485,,0.00285,0.182225,0.817775,,206.6574,331.3426,,335,444,,94,203,,45.89483,52.78936,,1.315802,50.84206,57.7688,,2.05507,40.9332,47.8424,,0.6671382,,,,8/10/2020 10:44,40000
2020,President,polls-plus,7/16/2020,Trump,Biden,,0.25935,0.73795,,0.0027,0.18045,0.81955,,205.8413,332.1587,,335,445,,93,203,,45.83747,52.84692,,1.315601,50.77852,57.80231,,2.064911,40.86111,47.90779,,0.6639907,,,,8/10/2020 10:46,40000
2020,President,polls-plus,7/15/2020,Trump,Biden,,0.2392,0.758,,0.0028,0.1648,0.8352,,202.8228,335.1772,,330,444,,94,208,,45.71204,52.97364,,1.314317,50.58324,57.78214,,2.057694,40.9049,48.11746,,0.6696864,,,,8/10/2020 10:48,40000
2020,President,polls-plus,7/14/2020,Trump,Biden,,0.258525,0.7385,,0.002975,0.1793,0.8207,,205.0833,332.9167,,335,446,,92,203,,45.80495,52.87408,,1.320971,50.81122,57.86454,,2.058922,40.81569,47.87369,,0.6724886,,,,8/10/2020 10:51,40000
2020,President,polls-plus,7/13/2020,Trump,Biden,,0.258175,0.73885,,0.002975,0.177825,0.822175,,204.7945,333.2055,,335,446,,92,203,,45.78563,52.89586,,1.318501,50.83285,57.92501,,2.064288,40.74932,47.83879,,0.6674164,,,,8/10/2020 10:51,40000
2020,President,polls-plus,7/12/2020,Trump,Biden,,0.27,0.726775,,0.003225,0.18445,0.81555,,206.4143,331.5857,,337,446,,92,201,,45.85665,52.819,,1.324355,50.9687,57.89326,,2.064648,40.79765,47.72194,,0.6759626,,,,8/10/2020 10:51,40000
2020,President,polls-plus,7/11/2020,Trump,Biden,,0.27945,0.71715,,0.0034,0.1946,0.8054,,208.5454,329.4546,,338,446,,92,200,,45.9315,52.73925,,1.329244,51.06208,57.84136,,2.07124,40.82366,47.59866,,0.6713284,,,,8/10/2020 10:52,40000
2020,President,polls-plus,7/10/2020,Trump,Biden,,0.2752,0.7216,,0.0032,0.18985,0.81015,,207.4411,330.5589,,338,446,,92,200,,45.90247,52.77518,,1.322349,51.00501,57.90038,,2.069298,40.77045,47.68229,,0.6659154,,,,8/10/2020 10:55,40000
2020,President,polls-plus,7/9/2020,Trump,Biden,,0.2727,0.72455,,0.00275,0.189925,0.810075,,208.0501,329.9499,,337,444,,94,201,,45.90316,52.776,,1.320845,51.00532,57.83777,,2.061967,40.8556,47.66722,,0.6737902,,,,8/10/2020 10:57,40000
2020,President,polls-plus,7/8/2020,Trump,Biden,,0.269625,0.727375,,0.003,0.185725,0.814275,,206.8318,331.1682,,337,446,,92,201,,45.85991,52.81811,,1.321982,50.98801,57.89178,,2.06713,40.75243,47.69514,,0.6688289,,,,8/10/2020 10:57,40000
2020,President,polls-plus,7/7/2020,Trump,Biden,,0.2684,0.728375,,0.003225,0.184825,0.815175,,206.8485,331.1515,,337,446,,92,201,,45.85553,52.82038,,1.324095,50.93465,57.89341,,2.085074,40.77628,47.73086,,0.6621054,,,,8/10/2020 10:57,40000
2020,President,polls-plus,7/6/2020,Trump,Biden,,0.28085,0.7158,,0.00335,0.1989,0.8011,,211.0341,326.9659,,339,444,,94,199,,46.00682,52.66445,,1.328738,51.19341,57.79437,,2.070406,40.84578,47.48414,,0.6696514,,,,8/10/2020 10:59,40000
2020,President,polls-plus,7/5/2020,Trump,Biden,,0.23735,0.759375,,0.003275,0.156425,0.843575,,202.7701,335.2299,,326,443,,95,212,,45.65043,53.03101,,1.318557,50.38384,57.78221,,2.045832,40.91089,48.25012,,0.6748977,,,,8/10/2020 11:01,40000
2020,President,polls-plus,7/4/2020,Trump,Biden,,0.239875,0.75685,,0.003275,0.159775,0.840225,,203.1415,334.8585,,326,444,,94,212,,45.65899,53.02658,,1.314429,50.45331,57.82705,,2.047497,40.84191,48.23739,,0.6702497,,,,8/10/2020 11:03,40000
2020,President,polls-plus,7/3/2020,Trump,Biden,,0.238125,0.75895,,0.002925,0.156225,0.843775,,201.9703,336.0297,,326,445,,93,212,,45.59909,53.08897,,1.311937,50.39472,57.8764,,2.047345,40.80989,48.28157,,0.6673132,,,,8/10/2020 11:04,40000
2020,President,polls-plus,7/2/2020,Trump,Biden,,0.240025,0.7563,,0.003675,0.159175,0.840825,,202.9859,335.0142,,327,444,,94,211,,45.64618,53.04318,,1.310638,50.45094,57.82728,,2.046242,40.84299,48.2515,,0.6632474,,,,8/10/2020 11:03,40000
2020,President,polls-plus,7/1/2020,Trump,Biden,,0.23535,0.761525,,0.003125,0.162675,0.837325,,202.0124,335.9876,,327,446,,92,211,,45.62083,53.07158,,1.307595,50.48866,57.95334,,2.040026,40.74539,48.21278,,0.6615871,,,,8/10/2020 11:05,40000
2020,President,polls-plus,6/30/2020,Trump,Biden,,0.235475,0.761375,,0.00315,0.161425,0.838575,,202.2096,335.7904,,328,446,,92,210,,45.6191,53.07162,,1.309282,50.48285,57.91264,,2.045883,40.79374,48.19541,,0.6640405,,,,8/10/2020 11:08,40000
2020,President,polls-plus,6/29/2020,Trump,Biden,,0.209525,0.78785,,0.002625,0.136775,0.863225,,196.828,341.172,,318,446,,92,220,,45.39993,53.29433,,1.305736,50.07216,57.93801,,2.030914,40.73306,48.61784,,0.6649159,,,,8/10/2020 11:09,40000
2020,President,polls-plus,6/28/2020,Trump,Biden,,0.211325,0.785625,,0.00305,0.1372,0.8628,,196.2056,341.7944,,318,446,,92,220,,45.40212,53.29407,,1.303815,50.07193,57.91077,,2.031408,40.79256,48.59251,,0.6616051,,,,8/10/2020 11:10,40000
2020,President,polls-plus,6/27/2020,Trump,Biden,,0.2081,0.788425,,0.003475,0.1349,0.8651,,196.2634,341.7366,,317,446,,92,221,,45.40378,53.29099,,1.305233,50.05018,57.91059,,2.030622,40.77088,48.67001,,0.6599336,,,,8/10/2020 11:09,40000
2020,President,polls-plus,6/26/2020,Trump,Biden,,0.206375,0.79055,,0.003075,0.1373,0.8627,,195.4595,342.5405,,317,448,,90,221,,45.36304,53.33689,,1.300071,50.07875,58.02941,,2.029991,40.67146,48.61265,,0.6623695,,,,8/10/2020 11:12,40000
2020,President,polls-plus,6/25/2020,Trump,Biden,,0.21695,0.7795,,0.00355,0.14275,0.85725,,198.2772,339.7228,,320,446,,92,218,,45.47114,53.23003,,1.298833,50.17564,57.90521,,2.029225,40.78851,48.51783,,0.655317,,,,8/10/2020 11:14,40000
2020,President,polls-plus,6/24/2020,Trump,Biden,,0.210325,0.786725,,0.00295,0.139475,0.860525,,196.5073,341.4927,,318,447,,91,220,,45.38713,53.31142,,1.301456,50.10804,58.0117,,2.035001,40.65841,48.58786,,0.6588315,,,,8/10/2020 11:16,40000
2020,President,polls-plus,6/23/2020,Trump,Biden,,0.2171,0.780075,,0.002825,0.1458,0.8542,,197.761,340.239,,322,447,,91,216,,45.44068,53.2442,,1.315118,50.26096,57.9963,,2.056763,40.67317,48.44623,,0.663591,,,,8/10/2020 11:16,40000
2020,President,polls-plus,6/22/2020,Trump,Biden,,0.2154,0.7816,,0.003,0.1423,0.8577,,198.0367,339.9633,,320,447,,91,218,,45.40881,53.28255,,1.308633,50.19436,58.075,,2.048503,40.59536,48.48858,,0.6628679,,,,8/10/2020 11:15,40000
2020,President,polls-plus,6/21/2020,Trump,Biden,,0.2195,0.777475,,0.003025,0.147625,0.852375,,199.1915,338.8086,,322,446,,92,216,,45.48504,53.20727,,1.30769,50.30505,57.9707,,2.031235,40.70179,48.40547,,0.6615897,,,,8/10/2020 11:18,40000
2020,President,polls-plus,6/20/2020,Trump,Biden,,0.222,0.77515,,0.00285,0.1485,0.8515,,199.5023,338.4977,,322,446,,92,216,,45.49785,53.1989,,1.303245,50.29456,57.98159,,2.028631,40.72705,48.41396,,0.6607718,,,,8/10/2020 11:21,40000
2020,President,polls-plus,6/19/2020,Trump,Biden,,0.225175,0.771925,,0.0029,0.1517,0.8483,,200.5645,337.4355,,325,446,,92,213,,45.53778,53.14845,,1.313769,50.37589,57.97366,,2.045823,40.7263,48.32314,,0.6591908,,,,8/10/2020 11:45,40000
2020,President,polls-plus,6/18/2020,Trump,Biden,,0.2375,0.75945,,0.00305,0.1602,0.8398,,201.7995,336.2005,,329,446,,92,209,,45.61443,53.07222,,1.313351,50.51035,57.92015,,2.051174,40.76797,48.17367,,0.6700203,,,,8/10/2020 11:46,40000
2020,President,polls-plus,6/17/2020,Trump,Biden,,0.235175,0.761575,,0.00325,0.160625,0.839375,,202.0645,335.9355,,327,446,,92,211,,45.61938,53.05688,,1.323733,50.49227,57.91314,,2.059546,40.75835,48.17007,,0.6750205,,,,8/10/2020 11:47,40000
2020,President,polls-plus,6/16/2020,Trump,Biden,,0.2396,0.75675,,0.00365,0.1632,0.8368,,203.4893,334.5107,,328,444,,94,210,,45.68271,52.99614,,1.321142,50.54545,57.88606,,2.061718,40.80315,48.15334,,0.6680158,,,,8/10/2020 11:25,40000
2020,President,polls-plus,6/15/2020,Trump,Biden,,0.2478,0.749025,,0.003175,0.16485,0.83515,,205.0138,332.9862,,328,442.5,,95.5,210,,45.75811,52.92667,,1.315226,50.5504,57.72252,,2.055342,40.9251,48.126,,0.6673417,,,,8/10/2020 11:27,40000
2020,President,polls-plus,6/14/2020,Trump,Biden,,0.234775,0.76255,,0.002675,0.153375,0.846625,,201.995,336.005,,326,443,,95,212,,45.60586,53.07205,,1.322089,50.35146,57.8587,,2.051385,40.85883,48.30339,,0.6721538,,,,8/10/2020 11:51,40000
2020,President,polls-plus,6/13/2020,Trump,Biden,,0.23715,0.75935,,0.0035,0.1587,0.8413,,203.3475,334.6525,,326,443,,95,212,,45.68189,53.00398,,1.314134,50.4464,57.77147,,2.051785,40.89159,48.24353,,0.6686158,,,,8/10/2020 11:52,40000
2020,President,polls-plus,6/12/2020,Trump,Biden,,0.24235,0.7543,,0.00335,0.1589,0.8411,,203.924,334.076,,326,442,,96,212,,45.73086,52.94989,,1.319247,50.44556,57.68588,,2.043238,40.99991,48.22766,,0.672668,,,,8/10/2020 11:22,40000
2020,President,polls-plus,6/11/2020,Trump,Biden,,0.245325,0.75125,,0.003425,0.16185,0.83815,,204.4158,333.5842,,328,442,,96,210,,45.76586,52.9145,,1.319637,50.50735,57.66437,,2.038496,41.04717,48.18432,,0.6725276,,,,8/10/2020 11:31,40000
2020,President,polls-plus,6/10/2020,Trump,Biden,,0.28395,0.711825,,0.004225,0.1819,0.8181,,211.3559,326.6442,,333,438,,100,205,,46.01114,52.67278,,1.316082,50.75439,57.43367,,2.049852,41.27679,47.92501,,0.6655345,,,,8/10/2020 11:34,40000
2020,President,polls-plus,6/9/2020,Trump,Biden,,0.288525,0.7072,,0.004275,0.188,0.812,,213.6465,324.3535,,334,435,,103,204,,46.1313,52.5538,,1.314901,50.85634,57.30523,,2.047077,41.38594,47.83714,,0.6707772,,,,8/10/2020 11:57,40000
2020,President,polls-plus,6/8/2020,Trump,Biden,,0.303425,0.692525,,0.00405,0.1998,0.8002,,216.1307,321.8693,,337,434,,104,201,,46.24477,52.43583,,1.319401,50.99332,57.17598,,2.051627,41.52457,47.69545,,0.6739508,,,,8/10/2020 11:59,40000
2020,President,polls-plus,6/7/2020,Trump,Biden,,0.302275,0.6935,,0.004225,0.19975,0.80025,,216.488,321.512,,337,434,,104,201,,46.2737,52.41333,,1.312971,51.05724,57.1865,,2.049617,41.49504,47.63892,,0.668447,,,,8/10/2020 11:28,40000
2020,President,polls-plus,6/6/2020,Trump,Biden,,0.30525,0.69085,,0.0039,0.201325,0.798675,,217.2131,320.7869,,338,433,,105,200,,46.31012,52.378,,1.311875,51.04198,57.07314,,2.0509,41.62245,47.62445,,0.6645366,,,,8/10/2020 11:47,40000
2020,President,polls-plus,6/5/2020,Trump,Biden,,0.30775,0.687725,,0.004525,0.20515,0.79485,,218.2592,319.7408,,339,432,,106,199,,46.36461,52.32565,,1.309747,51.10926,57.06739,,2.035725,41.62989,47.55882,,0.6656066,,,,8/10/2020 11:40,40000
2020,President,polls-plus,6/4/2020,Trump,Biden,,0.28835,0.70755,,0.0041,0.187825,0.812175,,213.6946,324.3054,,335,434,,104,203,,46.17122,52.52184,,1.306939,50.82633,57.19538,,2.039343,41.49159,47.87417,,0.6616863,,,,8/10/2020 12:03,40000
2020,President,polls-plus,6/3/2020,Trump,Biden,,0.292525,0.703475,,0.004,0.190275,0.809725,,214.5781,323.4219,,335,433,,105,203,,46.22312,52.47629,,1.300588,50.8365,57.11295,,2.027426,41.60196,47.85891,,0.6611356,,,,8/10/2020 11:24,40000
2020,President,polls-plus,6/2/2020,Trump,Biden,,0.293975,0.70225,,0.003775,0.1923,0.8077,,214.024,323.976,,337,435,,103,201,,46.17807,52.50252,,1.319418,50.94933,57.25562,,2.049306,41.44363,47.74026,,0.6755669,,,,8/10/2020 11:34,40000
2020,President,polls-plus,6/1/2020,Trump,Biden,,0.2959,0.700575,,0.003525,0.1943,0.8057,,215.0013,322.9987,,337,435,,103,201,,46.20322,52.47558,,1.321204,50.93565,57.19166,,2.042146,41.49165,47.73165,,0.6759679,,,,8/10/2020 11:53,40000
